{
  // Place your snippets for css here. Each snippet is defined under a snippet name and has a prefix, body and
  // description. The prefix is what is used to trigger the snippet and the body will be expanded and inserted. Possible variables are:
  // $1, $2 for tab stops, $0 for the final cursor position, and ${1:label}, ${2:another} for placeholders. Placeholders with the
  // same ids are connected.
  // Example:
  // "Print to console": {
  // 	"prefix": "log",
  // 	"body": [
  // 		"console.log('$1');",
  // 		"$2"
  // 	],
  // 	"description": "Log output to console"
  // }

  "Transition separates": {
    "prefix": "trans",
    "body": [
      "transition-property: ${1:color};",
      "transition-duration: ${2:var(--motion-speed)};",
      "transition-timing-function: ${3:ease};"
    ],
    "description": "Separate transition properties"
  },
  "Var function": {
    "prefix": "var",
    "body": ["var(--${1});"],
    "description": "var() function"
  },
  "ISO Timestamp": {
    "prefix": "timestamp",
    "description": "Inserts the current ISO timestamp",
    "body": [
      "Updated: $CURRENT_YEAR-$CURRENT_MONTH-$CURRENT_DATE $CURRENT_HOUR:$CURRENT_MINUTE:$CURRENT_SECOND"
    ]
  }
}
